Employee..,Year,Month,FTE,FMLA.Hours,Training.Hours,Name
1,2009,1,1,NA,NA,Akilah Amyx  
1,2009,2,1,NA,NA,Akilah Amyx  
1,2009,3,1,NA,NA,Akilah Amyx  
1,2009,4,1,NA,NA,Akilah Amyx  
1,2009,5,1,NA,NA,Akilah Amyx  
1,2009,6,1,NA,NA,Akilah Amyx  
1,2009,7,1,NA,NA,Akilah Amyx  
1,2009,8,1,NA,32,Akilah Amyx  
1,2009,9,1,NA,NA,Akilah Amyx  
1,2009,10,1,NA,NA,Akilah Amyx  
1,2009,11,1,NA,22,Akilah Amyx  
1,2009,12,1,NA,NA,Akilah Amyx  
1,2010,1,1,NA,49,Akilah Amyx  
1,2010,2,1,NA,NA,Akilah Amyx  
1,2010,3,1,0,56,Akilah Amyx  
2,2012,8,1,NA,NA,Alaine Amedee  
2,2012,9,1,27,NA,Alaine Amedee  
2,2012,10,1,NA,NA,Alaine Amedee  
2,2012,11,1,NA,NA,Alaine Amedee  
2,2012,12,1,NA,42,Alaine Amedee  
3,2009,1,1,NA,NA,Albertina Arevalo  
3,2009,2,1,NA,NA,Albertina Arevalo  
3,2009,3,1,NA,18,Albertina Arevalo  
3,2009,4,1,NA,NA,Albertina Arevalo  
3,2009,5,1,NA,50,Albertina Arevalo  
3,2009,6,1,NA,NA,Albertina Arevalo  
3,2009,7,1,NA,NA,Albertina Arevalo  
3,2009,8,1,NA,NA,Albertina Arevalo  
3,2009,9,1,NA,NA,Albertina Arevalo  
3,2009,10,1,NA,26,Albertina Arevalo  
3,2009,11,1,NA,NA,Albertina Arevalo  
3,2009,12,1,NA,NA,Albertina Arevalo  
3,2010,1,1,NA,NA,Albertina Arevalo  
3,2010,2,1,NA,NA,Albertina Arevalo  
3,2010,3,1,NA,NA,Albertina Arevalo  
3,2010,4,1,NA,NA,Albertina Arevalo  
3,2010,5,1,NA,NA,Albertina Arevalo  
3,2010,6,1,NA,NA,Albertina Arevalo  
3,2010,7,1,NA,NA,Albertina Arevalo  
3,2010,8,1,NA,43,Albertina Arevalo  
3,2010,9,1,NA,NA,Albertina Arevalo  
3,2010,10,1,NA,NA,Albertina Arevalo  
3,2010,11,1,NA,NA,Albertina Arevalo  
3,2010,12,1,NA,NA,Albertina Arevalo  
3,2011,1,1,NA,NA,Albertina Arevalo  
3,2011,2,1,NA,NA,Albertina Arevalo  
3,2011,3,1,NA,NA,Albertina Arevalo  
3,2011,4,1,NA,NA,Albertina Arevalo  
3,2011,5,1,NA,2,Albertina Arevalo  
3,2011,6,1,NA,NA,Albertina Arevalo  
3,2011,7,1,NA,NA,Albertina Arevalo  
3,2011,8,0.5,NA,51,Albertina Arevalo  
3,2011,9,1,NA,NA,Albertina Arevalo  
3,2011,10,1,NA,NA,Albertina Arevalo  
3,2011,11,1,NA,NA,Albertina Arevalo  
3,2011,12,1,NA,NA,Albertina Arevalo  
3,2012,1,1,NA,NA,Albertina Arevalo  
3,2012,2,1,NA,NA,Albertina Arevalo  
3,2012,3,1,NA,NA,Albertina Arevalo  
3,2012,4,1,NA,NA,Albertina Arevalo  
3,2012,5,1,NA,NA,Albertina Arevalo  
3,2012,6,1,NA,NA,Albertina Arevalo  
3,2012,7,1,NA,NA,Albertina Arevalo  
3,2012,8,1,NA,NA,Albertina Arevalo  
3,2012,9,1,NA,51,Albertina Arevalo  
3,2012,10,1,NA,43,Albertina Arevalo  
3,2012,11,1,NA,NA,Albertina Arevalo  
3,2012,12,1,NA,32,Albertina Arevalo  
3,2013,1,1,NA,NA,Albertina Arevalo  
3,2013,2,1,NA,NA,Albertina Arevalo  
3,2013,3,1,NA,NA,Albertina Arevalo  
3,2013,4,1,NA,NA,Albertina Arevalo  
3,2013,5,1,NA,18,Albertina Arevalo  
3,2013,6,1,NA,NA,Albertina Arevalo  
3,2013,7,1,NA,51,Albertina Arevalo  
3,2013,8,1,NA,54,Albertina Arevalo  
3,2013,9,1,NA,NA,Albertina Arevalo  
3,2013,10,1,NA,NA,Albertina Arevalo  
3,2013,11,1,NA,NA,Albertina Arevalo  
3,2013,12,1,NA,55,Albertina Arevalo  
3,2014,1,1,NA,NA,Albertina Arevalo  
3,2014,2,1,NA,1,Albertina Arevalo  
3,2014,3,1,NA,NA,Albertina Arevalo  
3,2014,4,1,NA,NA,Albertina Arevalo  
3,2014,5,1,NA,NA,Albertina Arevalo  
3,2014,6,1,NA,NA,Albertina Arevalo  
3,2014,7,1,NA,NA,Albertina Arevalo  
3,2014,8,1,NA,NA,Albertina Arevalo  
3,2014,9,1,NA,NA,Albertina Arevalo  
3,2014,10,1,NA,NA,Albertina Arevalo  
3,2014,11,1,NA,NA,Albertina Arevalo  
3,2014,12,1,NA,NA,Albertina Arevalo  
3,2015,1,1,NA,NA,Albertina Arevalo  
3,2015,2,1,NA,NA,Albertina Arevalo  
3,2015,3,1,NA,NA,Albertina Arevalo  
3,2015,4,1,NA,NA,Albertina Arevalo  
3,2015,5,1,NA,NA,Albertina Arevalo  
3,2015,6,1,NA,NA,Albertina Arevalo  
3,2015,7,1,NA,NA,Albertina Arevalo  
3,2015,8,1,NA,48,Albertina Arevalo  
3,2015,9,1,NA,NA,Albertina Arevalo  
4,2009,1,0.5,NA,NA,Alex Ashbrook  
4,2009,2,1,NA,NA,Alex Ashbrook  
4,2009,3,1,NA,NA,Alex Ashbrook  
4,2009,4,1,NA,23,Alex Ashbrook  
4,2009,5,1,NA,NA,Alex Ashbrook  
4,2009,6,1,NA,NA,Alex Ashbrook  
4,2009,7,1,NA,NA,Alex Ashbrook  
4,2009,8,1,NA,NA,Alex Ashbrook  
4,2009,9,1,NA,42,Alex Ashbrook  
4,2009,10,1,NA,NA,Alex Ashbrook  
4,2009,11,1,NA,NA,Alex Ashbrook  
4,2009,12,1,NA,NA,Alex Ashbrook  
4,2010,1,0.76,NA,12,Alex Ashbrook  
4,2010,2,1,NA,NA,Alex Ashbrook  
4,2010,3,1,NA,NA,Alex Ashbrook  
4,2010,4,1,71,52,Alex Ashbrook  
4,2010,5,1,NA,NA,Alex Ashbrook  
4,2010,6,1,NA,45,Alex Ashbrook  
4,2010,7,1,NA,NA,Alex Ashbrook  
4,2010,8,1,NA,14,Alex Ashbrook  
4,2010,9,1,NA,30,Alex Ashbrook  
4,2010,10,0.5,NA,NA,Alex Ashbrook  
4,2010,11,0.5,NA,NA,Alex Ashbrook  
4,2010,12,1,NA,NA,Alex Ashbrook  
4,2011,1,0.5,NA,7,Alex Ashbrook  
4,2011,2,1,NA,24,Alex Ashbrook  
4,2011,3,1,NA,NA,Alex Ashbrook  
4,2011,4,1,NA,NA,Alex Ashbrook  
4,2011,5,1,NA,NA,Alex Ashbrook  
4,2011,6,0.5,NA,23,Alex Ashbrook  
4,2011,7,0.5,NA,NA,Alex Ashbrook  
4,2011,8,1,NA,NA,Alex Ashbrook  
4,2011,9,1,NA,NA,Alex Ashbrook  
4,2011,10,1,NA,NA,Alex Ashbrook  
4,2011,11,1,NA,NA,Alex Ashbrook  
4,2011,12,1,NA,NA,Alex Ashbrook  
4,2012,1,1,NA,36,Alex Ashbrook  
4,2012,2,1,NA,43,Alex Ashbrook  
4,2012,3,1,NA,NA,Alex Ashbrook  
4,2012,4,1,NA,NA,Alex Ashbrook  
4,2012,5,1,NA,NA,Alex Ashbrook  
4,2012,6,1,NA,NA,Alex Ashbrook  
4,2012,7,1,NA,NA,Alex Ashbrook  
4,2012,8,1,NA,NA,Alex Ashbrook  
4,2012,9,1,NA,NA,Alex Ashbrook  
4,2012,10,1,NA,NA,Alex Ashbrook  
4,2012,11,1,NA,52,Alex Ashbrook  
4,2012,12,1,NA,NA,Alex Ashbrook  
5,2012,6,1,NA,NA,Alexis Alcina  
5,2012,7,1,NA,NA,Alexis Alcina  
6,2009,1,1,NA,NA,Alfredo Andrea  
6,2009,2,1,NA,NA,Alfredo Andrea  
6,2009,3,1,NA,NA,Alfredo Andrea  
6,2009,4,1,NA,NA,Alfredo Andrea  
6,2009,5,1,NA,NA,Alfredo Andrea  
6,2009,6,1,NA,40,Alfredo Andrea  
6,2009,7,0.5,NA,NA,Alfredo Andrea  
6,2009,8,0.5,NA,NA,Alfredo Andrea  
6,2009,9,1,NA,NA,Alfredo Andrea  
6,2009,10,1,117,NA,Alfredo Andrea  
6,2009,11,1,NA,NA,Alfredo Andrea  
6,2009,12,0.5,NA,NA,Alfredo Andrea  
6,2010,1,1,NA,NA,Alfredo Andrea  
6,2010,2,1,NA,NA,Alfredo Andrea  
6,2010,3,1,NA,NA,Alfredo Andrea  
6,2010,4,1,NA,NA,Alfredo Andrea  
6,2010,5,1,NA,25,Alfredo Andrea  
6,2010,6,0.5,NA,NA,Alfredo Andrea  
6,2010,7,1,NA,NA,Alfredo Andrea  
6,2010,8,1,NA,43,Alfredo Andrea  
6,2010,9,1,NA,58,Alfredo Andrea  
6,2010,10,1,NA,10,Alfredo Andrea  
6,2010,11,1,NA,NA,Alfredo Andrea  
6,2010,12,1,NA,NA,Alfredo Andrea  
6,2011,1,1,NA,NA,Alfredo Andrea  
6,2011,2,0.76,NA,NA,Alfredo Andrea  
6,2011,3,1,NA,22,Alfredo Andrea  
6,2011,4,1,NA,6,Alfredo Andrea  
6,2011,5,1,NA,NA,Alfredo Andrea  
6,2011,6,1,NA,NA,Alfredo Andrea  
6,2011,7,1,NA,NA,Alfredo Andrea  
6,2011,8,1,NA,NA,Alfredo Andrea  
6,2011,9,1,NA,NA,Alfredo Andrea  
6,2011,10,0.5,NA,NA,Alfredo Andrea  
6,2011,11,1,NA,17,Alfredo Andrea  
6,2011,12,1,NA,23,Alfredo Andrea  
6,2012,1,0.5,NA,NA,Alfredo Andrea  
6,2012,2,1,NA,NA,Alfredo Andrea  
6,2012,3,1,NA,NA,Alfredo Andrea  
6,2012,4,0.76,NA,NA,Alfredo Andrea  
6,2012,5,1,NA,NA,Alfredo Andrea  
6,2012,6,1,NA,43,Alfredo Andrea  
6,2012,7,1,NA,NA,Alfredo Andrea  
6,2012,8,1,NA,NA,Alfredo Andrea  
6,2012,9,1,NA,NA,Alfredo Andrea  
6,2012,10,1,NA,NA,Alfredo Andrea  
6,2012,11,1,NA,NA,Alfredo Andrea  
6,2012,12,1,NA,NA,Alfredo Andrea  
6,2013,1,1,NA,NA,Alfredo Andrea  
6,2013,2,1,NA,NA,Alfredo Andrea  
6,2013,3,1,NA,NA,Alfredo Andrea  
6,2013,4,0.5,NA,NA,Alfredo Andrea  
6,2013,5,1,16,NA,Alfredo Andrea  
6,2013,6,1,NA,NA,Alfredo Andrea  
6,2013,7,1,NA,NA,Alfredo Andrea  
6,2013,8,0.5,NA,NA,Alfredo Andrea  
6,2013,9,1,NA,NA,Alfredo Andrea  
6,2013,10,1,NA,NA,Alfredo Andrea  
6,2013,11,1,NA,33,Alfredo Andrea  
6,2013,12,1,NA,NA,Alfredo Andrea  
6,2014,1,1,NA,NA,Alfredo Andrea  
6,2014,2,1,NA,5,Alfredo Andrea  
6,2014,3,0.5,NA,NA,Alfredo Andrea  
6,2014,4,1,NA,NA,Alfredo Andrea  
6,2014,5,1,NA,NA,Alfredo Andrea  
6,2014,6,0.76,NA,NA,Alfredo Andrea  
6,2014,7,1,NA,NA,Alfredo Andrea  
6,2014,8,1,NA,31,Alfredo Andrea  
6,2014,9,1,NA,5,Alfredo Andrea  
6,2014,10,0.76,NA,NA,Alfredo Andrea  
6,2014,11,1,112,NA,Alfredo Andrea  
6,2014,12,1,NA,NA,Alfredo Andrea  
6,2015,1,1,NA,NA,Alfredo Andrea  
6,2015,2,1,NA,NA,Alfredo Andrea  
6,2015,3,1,NA,NA,Alfredo Andrea  
6,2015,4,1,NA,NA,Alfredo Andrea  
6,2015,5,1,NA,27,Alfredo Andrea  
6,2015,6,1,NA,NA,Alfredo Andrea  
6,2015,7,1,NA,NA,Alfredo Andrea  
6,2015,8,1,NA,NA,Alfredo Andrea  
6,2015,9,1,NA,NA,Alfredo Andrea  
7,2009,1,1,NA,NA,Alise Adcock  
7,2009,2,1,NA,NA,Alise Adcock  
7,2009,3,1,NA,NA,Alise Adcock  
7,2009,4,1,NA,NA,Alise Adcock  
7,2009,5,1,NA,NA,Alise Adcock  
7,2009,6,1,NA,38,Alise Adcock  
7,2009,7,1,NA,NA,Alise Adcock  
7,2009,8,1,NA,NA,Alise Adcock  
7,2009,9,1,NA,NA,Alise Adcock  
7,2009,10,1,NA,NA,Alise Adcock  
7,2009,11,1,NA,54,Alise Adcock  
7,2009,12,1,NA,NA,Alise Adcock  
7,2010,1,1,NA,NA,Alise Adcock  
7,2010,2,1,NA,NA,Alise Adcock  
7,2010,3,1,NA,NA,Alise Adcock  
7,2010,4,1,NA,NA,Alise Adcock  
7,2010,5,0.76,NA,45,Alise Adcock  
7,2010,6,1,NA,NA,Alise Adcock  
7,2010,7,1,NA,NA,Alise Adcock  
7,2010,8,1,NA,15,Alise Adcock  
7,2010,9,1,37,5,Alise Adcock  
7,2010,10,1,NA,NA,Alise Adcock  
7,2010,11,1,NA,2,Alise Adcock  
7,2010,12,1,NA,NA,Alise Adcock  
7,2011,1,1,NA,4,Alise Adcock  
7,2011,2,1,91,NA,Alise Adcock  
7,2011,3,1,NA,NA,Alise Adcock  
7,2011,4,1,NA,NA,Alise Adcock  
7,2011,5,1,NA,NA,Alise Adcock  
7,2011,6,1,NA,NA,Alise Adcock  
7,2011,7,1,NA,NA,Alise Adcock  
7,2011,8,1,NA,NA,Alise Adcock  
7,2011,9,1,NA,NA,Alise Adcock  
7,2011,10,1,NA,NA,Alise Adcock  
7,2011,11,1,NA,40,Alise Adcock  
7,2011,12,1,NA,NA,Alise Adcock  
7,2012,1,1,NA,NA,Alise Adcock  
7,2012,2,0.76,NA,NA,Alise Adcock  
7,2012,3,1,NA,NA,Alise Adcock  
7,2012,4,1,NA,NA,Alise Adcock  
7,2012,5,1,NA,NA,Alise Adcock  
7,2012,6,1,NA,NA,Alise Adcock  
7,2012,7,1,NA,22,Alise Adcock  
7,2012,8,1,NA,NA,Alise Adcock  
7,2012,9,0.76,NA,NA,Alise Adcock  
7,2012,10,0.5,NA,NA,Alise Adcock  
7,2012,11,1,NA,5,Alise Adcock  
7,2012,12,1,NA,0,Alise Adcock  
7,2013,1,1,NA,NA,Alise Adcock  
7,2013,2,1,NA,NA,Alise Adcock  
7,2013,3,1,NA,NA,Alise Adcock  
7,2013,4,1,NA,NA,Alise Adcock  
7,2013,5,0.5,NA,NA,Alise Adcock  
7,2013,6,1,NA,21,Alise Adcock  
7,2013,7,1,NA,17,Alise Adcock  
7,2013,8,1,NA,54,Alise Adcock  
7,2013,9,0.76,NA,NA,Alise Adcock  
7,2013,10,1,NA,NA,Alise Adcock  
7,2013,11,1,NA,NA,Alise Adcock  
7,2013,12,1,NA,NA,Alise Adcock  
7,2014,1,1,NA,NA,Alise Adcock  
7,2014,2,1,NA,NA,Alise Adcock  
7,2014,3,1,NA,50,Alise Adcock  
7,2014,4,1,NA,NA,Alise Adcock  
7,2014,5,1,NA,27,Alise Adcock  
7,2014,6,1,NA,NA,Alise Adcock  
7,2014,7,1,NA,49,Alise Adcock  
7,2014,8,1,NA,NA,Alise Adcock  
7,2014,9,1,NA,NA,Alise Adcock  
7,2014,10,1,NA,NA,Alise Adcock  
7,2014,11,1,NA,NA,Alise Adcock  
7,2014,12,1,NA,NA,Alise Adcock  
7,2015,1,1,NA,NA,Alise Adcock  
7,2015,2,1,NA,NA,Alise Adcock  
7,2015,3,1,NA,NA,Alise Adcock  
7,2015,4,1,NA,NA,Alise Adcock  
7,2015,5,1,NA,NA,Alise Adcock  
7,2015,6,1,NA,22,Alise Adcock  
7,2015,7,1,NA,NA,Alise Adcock  
7,2015,8,1,41,NA,Alise Adcock  
7,2015,9,1,NA,NA,Alise Adcock  
8,2009,1,1,NA,NA,Althea Akey  
8,2009,2,1,NA,NA,Althea Akey  
8,2009,3,1,NA,NA,Althea Akey  
8,2009,4,1,NA,NA,Althea Akey  
8,2009,5,1,NA,NA,Althea Akey  
8,2009,6,1,NA,46,Althea Akey  
8,2009,7,1,NA,NA,Althea Akey  
8,2009,8,1,NA,NA,Althea Akey  
8,2009,9,1,NA,1,Althea Akey  
8,2009,10,0.76,NA,NA,Althea Akey  
8,2009,11,1,NA,9,Althea Akey  
8,2009,12,1,NA,NA,Althea Akey  
8,2010,1,1,NA,NA,Althea Akey  
8,2010,2,1,NA,NA,Althea Akey  
8,2010,3,1,NA,2,Althea Akey  
8,2010,4,1,NA,59,Althea Akey  
9,2009,1,0.5,NA,43,Ammie Artrip  
9,2009,2,1,NA,NA,Ammie Artrip  
9,2009,3,1,NA,5,Ammie Artrip  
9,2009,4,1,NA,24,Ammie Artrip  
9,2009,5,1,NA,NA,Ammie Artrip  
9,2009,6,1,NA,56,Ammie Artrip  
9,2009,7,1,9,51,Ammie Artrip  
9,2009,8,1,NA,NA,Ammie Artrip  
9,2009,9,1,NA,NA,Ammie Artrip  
9,2009,10,1,NA,NA,Ammie Artrip  
9,2009,11,1,NA,NA,Ammie Artrip  
9,2009,12,1,NA,NA,Ammie Artrip  
9,2010,1,1,NA,NA,Ammie Artrip  
9,2010,2,1,NA,NA,Ammie Artrip  
9,2010,3,1,NA,NA,Ammie Artrip  
9,2010,4,1,NA,NA,Ammie Artrip  
9,2010,5,1,NA,NA,Ammie Artrip  
9,2010,6,0.5,NA,16,Ammie Artrip  
9,2010,7,1,NA,33,Ammie Artrip  
9,2010,8,0.5,NA,NA,Ammie Artrip  
9,2010,9,1,NA,NA,Ammie Artrip  
9,2010,10,1,NA,NA,Ammie Artrip  
9,2010,11,1,NA,NA,Ammie Artrip  
9,2010,12,1,NA,NA,Ammie Artrip  
9,2011,1,1,NA,NA,Ammie Artrip  
9,2011,2,1,NA,NA,Ammie Artrip  
9,2011,3,1,NA,NA,Ammie Artrip  
9,2011,4,1,NA,NA,Ammie Artrip  
9,2011,5,1,NA,NA,Ammie Artrip  
9,2011,6,0.5,NA,NA,Ammie Artrip  
9,2011,7,1,NA,NA,Ammie Artrip  
9,2011,8,1,NA,NA,Ammie Artrip  
9,2011,9,1,NA,NA,Ammie Artrip  
9,2011,10,1,NA,NA,Ammie Artrip  
9,2011,11,1,NA,NA,Ammie Artrip  
9,2011,12,0.5,NA,NA,Ammie Artrip  
9,2012,1,1,NA,NA,Ammie Artrip  
9,2012,2,1,NA,0,Ammie Artrip  
9,2012,3,1,NA,NA,Ammie Artrip  
9,2012,4,1,NA,NA,Ammie Artrip  
9,2012,5,1,NA,NA,Ammie Artrip  
9,2012,6,1,NA,NA,Ammie Artrip  
9,2012,7,1,NA,NA,Ammie Artrip  
9,2012,8,1,NA,NA,Ammie Artrip  
9,2012,9,1,NA,NA,Ammie Artrip  
9,2012,10,1,NA,NA,Ammie Artrip  
9,2012,11,0.5,NA,NA,Ammie Artrip  
9,2012,12,1,NA,NA,Ammie Artrip  
9,2013,1,1,NA,NA,Ammie Artrip  
9,2013,2,1,NA,NA,Ammie Artrip  
9,2013,3,1,NA,35,Ammie Artrip  
9,2013,4,0.5,NA,NA,Ammie Artrip  
9,2013,5,1,NA,NA,Ammie Artrip  
9,2013,6,1,NA,NA,Ammie Artrip  
9,2013,7,1,NA,NA,Ammie Artrip  
9,2013,8,1,NA,31,Ammie Artrip  
9,2013,9,1,NA,NA,Ammie Artrip  
9,2013,10,1,NA,25,Ammie Artrip  
9,2013,11,1,NA,NA,Ammie Artrip  
9,2013,12,1,NA,NA,Ammie Artrip  
9,2014,1,1,NA,NA,Ammie Artrip  
9,2014,2,1,NA,NA,Ammie Artrip  
9,2014,3,1,NA,NA,Ammie Artrip  
9,2014,4,1,NA,NA,Ammie Artrip  
9,2014,5,1,NA,NA,Ammie Artrip  
9,2014,6,1,NA,NA,Ammie Artrip  
9,2014,7,1,NA,NA,Ammie Artrip  
9,2014,8,1,NA,NA,Ammie Artrip  
9,2014,9,1,NA,NA,Ammie Artrip  
9,2014,10,1,NA,NA,Ammie Artrip  
9,2014,11,1,NA,NA,Ammie Artrip  
9,2014,12,1,NA,NA,Ammie Artrip  
9,2015,1,1,NA,NA,Ammie Artrip  
9,2015,2,1,NA,13,Ammie Artrip  
9,2015,3,1,NA,NA,Ammie Artrip  
9,2015,4,1,NA,NA,Ammie Artrip  
9,2015,5,1,NA,NA,Ammie Artrip  
9,2015,6,1,21,NA,Ammie Artrip  
9,2015,7,1,NA,44,Ammie Artrip  
9,2015,8,1,NA,36,Ammie Artrip  
9,2015,9,1,NA,NA,Ammie Artrip  
10,2009,1,1,NA,NA,An Alfano  
10,2009,2,1,36,NA,An Alfano  
10,2009,3,1,NA,NA,An Alfano  
10,2009,4,1,NA,38,An Alfano  
10,2009,5,1,NA,NA,An Alfano  
10,2009,6,1,NA,NA,An Alfano  
10,2009,7,1,NA,NA,An Alfano  
10,2009,8,1,NA,NA,An Alfano  
10,2009,9,1,NA,42,An Alfano  
10,2009,10,1,NA,8,An Alfano  
10,2009,11,1,NA,NA,An Alfano  
10,2009,12,1,NA,4,An Alfano  
10,2010,1,1,NA,NA,An Alfano  
10,2010,2,1,NA,NA,An Alfano  
10,2010,3,1,NA,NA,An Alfano  
10,2010,4,1,NA,NA,An Alfano  
10,2010,5,0.5,NA,53,An Alfano  
10,2010,6,1,NA,NA,An Alfano  
10,2010,7,1,NA,NA,An Alfano  
10,2010,8,1,NA,43,An Alfano  
10,2010,9,1,NA,26,An Alfano  
10,2010,10,1,NA,NA,An Alfano  
10,2010,11,1,NA,NA,An Alfano  
10,2010,12,1,NA,NA,An Alfano  
10,2011,1,1,NA,NA,An Alfano  
10,2011,2,1,NA,NA,An Alfano  
11,2009,1,1,NA,NA,Andres Angert  
11,2009,2,1,NA,NA,Andres Angert  
11,2009,3,1,NA,NA,Andres Angert  
11,2009,4,0.5,NA,NA,Andres Angert  
11,2009,5,1,NA,NA,Andres Angert  
11,2009,6,0.5,NA,NA,Andres Angert  
11,2009,7,1,NA,27,Andres Angert  
11,2009,8,1,NA,NA,Andres Angert  
11,2009,9,1,NA,NA,Andres Angert  
11,2009,10,1,NA,NA,Andres Angert  
11,2009,11,0.76,NA,NA,Andres Angert  
11,2009,12,1,NA,NA,Andres Angert  
11,2010,1,1,NA,11,Andres Angert  
11,2010,2,1,NA,NA,Andres Angert  
11,2010,3,1,NA,NA,Andres Angert  
11,2010,4,1,NA,NA,Andres Angert  
11,2010,5,1,NA,NA,Andres Angert  
11,2010,6,1,NA,NA,Andres Angert  
11,2010,7,1,NA,NA,Andres Angert  
11,2010,8,1,NA,NA,Andres Angert  
11,2010,9,0.5,NA,NA,Andres Angert  
11,2010,10,1,NA,NA,Andres Angert  
11,2010,11,1,NA,NA,Andres Angert  
11,2010,12,1,NA,NA,Andres Angert  
11,2011,1,1,NA,40,Andres Angert  
11,2011,2,1,NA,24,Andres Angert  
11,2011,3,1,NA,NA,Andres Angert  
11,2011,4,1,NA,38,Andres Angert  
11,2011,5,1,NA,NA,Andres Angert  
11,2011,6,1,NA,NA,Andres Angert  
11,2011,7,1,NA,NA,Andres Angert  
11,2011,8,1,NA,NA,Andres Angert  
11,2011,9,1,NA,NA,Andres Angert  
11,2011,10,1,NA,15,Andres Angert  
11,2011,11,1,NA,NA,Andres Angert  
11,2011,12,1,NA,NA,Andres Angert  
11,2012,1,1,NA,NA,Andres Angert  
11,2012,2,1,NA,NA,Andres Angert  
11,2012,3,1,NA,NA,Andres Angert  
11,2012,4,1,NA,NA,Andres Angert  
11,2012,5,1,NA,NA,Andres Angert  
11,2012,6,1,NA,NA,Andres Angert  
11,2012,7,1,NA,18,Andres Angert  
11,2012,8,1,NA,NA,Andres Angert  
11,2012,9,1,NA,NA,Andres Angert  
11,2012,10,1,NA,NA,Andres Angert  
11,2012,11,1,NA,NA,Andres Angert  
11,2012,12,1,NA,NA,Andres Angert  
11,2013,1,1,NA,NA,Andres Angert  
11,2013,2,0.5,NA,NA,Andres Angert  
11,2013,3,1,NA,NA,Andres Angert  
11,2013,4,1,NA,52,Andres Angert  
11,2013,5,1,NA,22,Andres Angert  
11,2013,6,1,NA,NA,Andres Angert  
11,2013,7,1,120,NA,Andres Angert  
11,2013,8,1,NA,32,Andres Angert  
11,2013,9,1,NA,NA,Andres Angert  
11,2013,10,1,30,NA,Andres Angert  
11,2013,11,1,NA,NA,Andres Angert  
11,2013,12,1,NA,NA,Andres Angert  
11,2014,1,1,NA,NA,Andres Angert  
11,2014,2,1,NA,30,Andres Angert  
11,2014,3,1,NA,NA,Andres Angert  
11,2014,4,1,NA,NA,Andres Angert  
11,2014,5,1,NA,NA,Andres Angert  
11,2014,6,1,NA,NA,Andres Angert  
11,2014,7,1,NA,NA,Andres Angert  
11,2014,8,1,NA,NA,Andres Angert  
11,2014,9,1,NA,NA,Andres Angert  
11,2014,10,1,NA,NA,Andres Angert  
11,2014,11,1,NA,NA,Andres Angert  
11,2014,12,1,NA,3,Andres Angert  
11,2015,1,0.5,NA,NA,Andres Angert  
11,2015,2,1,NA,NA,Andres Angert  
11,2015,3,1,NA,27,Andres Angert  
11,2015,4,1,NA,NA,Andres Angert  
11,2015,5,1,NA,43,Andres Angert  
11,2015,6,0.5,NA,NA,Andres Angert  
11,2015,7,1,NA,NA,Andres Angert  
11,2015,8,1,NA,NA,Andres Angert  
11,2015,9,1,NA,NA,Andres Angert  
12,2009,1,1,NA,NA,Andy Alcott  
12,2009,2,1,NA,4,Andy Alcott  
12,2009,3,0.5,NA,NA,Andy Alcott  
12,2009,4,1,NA,NA,Andy Alcott  
12,2009,5,1,NA,33,Andy Alcott  
12,2009,6,1,NA,NA,Andy Alcott  
12,2009,7,1,NA,NA,Andy Alcott  
12,2009,8,1,NA,NA,Andy Alcott  
12,2009,9,1,NA,NA,Andy Alcott  
12,2009,10,1,NA,NA,Andy Alcott  
12,2009,11,1,NA,NA,Andy Alcott  
12,2009,12,1,NA,NA,Andy Alcott  
12,2010,1,0.5,NA,NA,Andy Alcott  
12,2010,2,1,NA,NA,Andy Alcott  
12,2010,3,1,NA,12,Andy Alcott  
12,2010,4,1,NA,46,Andy Alcott  
12,2010,5,0.76,NA,NA,Andy Alcott  
12,2010,6,1,NA,NA,Andy Alcott  
12,2010,7,0.5,NA,NA,Andy Alcott  
12,2010,8,1,NA,NA,Andy Alcott  
12,2010,9,0.5,NA,NA,Andy Alcott  
12,2010,10,1,NA,52,Andy Alcott  
12,2010,11,1,NA,NA,Andy Alcott  
12,2010,12,1,NA,NA,Andy Alcott  
12,2011,1,0.5,NA,NA,Andy Alcott  
12,2011,2,1,NA,NA,Andy Alcott  
12,2011,3,1,NA,NA,Andy Alcott  
12,2011,4,1,NA,NA,Andy Alcott  
12,2011,5,1,84,NA,Andy Alcott  
12,2011,6,1,NA,NA,Andy Alcott  
12,2011,7,1,NA,NA,Andy Alcott  
12,2011,8,1,NA,NA,Andy Alcott  
12,2011,9,1,NA,NA,Andy Alcott  
12,2011,10,1,NA,NA,Andy Alcott  
12,2011,11,1,NA,20,Andy Alcott  
12,2011,12,1,NA,NA,Andy Alcott  
12,2012,1,1,NA,52,Andy Alcott  
12,2012,2,1,NA,NA,Andy Alcott  
12,2012,3,1,NA,NA,Andy Alcott  
12,2012,4,1,NA,NA,Andy Alcott  
12,2012,5,1,NA,NA,Andy Alcott  
12,2012,6,1,NA,NA,Andy Alcott  
12,2012,7,1,NA,NA,Andy Alcott  
12,2012,8,1,NA,NA,Andy Alcott  
12,2012,9,1,NA,NA,Andy Alcott  
12,2012,10,1,NA,1,Andy Alcott  
12,2012,11,1,NA,NA,Andy Alcott  
12,2012,12,0.76,NA,NA,Andy Alcott  
12,2013,1,1,NA,52,Andy Alcott  
12,2013,2,1,NA,43,Andy Alcott  
12,2013,3,1,NA,NA,Andy Alcott  
12,2013,4,1,NA,18,Andy Alcott  
12,2013,5,1,NA,NA,Andy Alcott  
12,2013,6,1,NA,NA,Andy Alcott  
12,2013,7,1,NA,NA,Andy Alcott  
12,2013,8,1,NA,NA,Andy Alcott  
12,2013,9,1,NA,NA,Andy Alcott  
12,2013,10,1,NA,NA,Andy Alcott  
12,2013,11,1,NA,53,Andy Alcott  
12,2013,12,1,NA,NA,Andy Alcott  
12,2014,1,1,NA,NA,Andy Alcott  
12,2014,2,1,NA,NA,Andy Alcott  
12,2014,3,0.5,NA,NA,Andy Alcott  
12,2014,4,1,NA,NA,Andy Alcott  
12,2014,5,1,NA,5,Andy Alcott  
12,2014,6,1,NA,NA,Andy Alcott  
12,2014,7,1,NA,NA,Andy Alcott  
12,2014,8,1,NA,NA,Andy Alcott  
12,2014,9,1,NA,NA,Andy Alcott  
12,2014,10,1,NA,NA,Andy Alcott  
12,2014,11,1,NA,NA,Andy Alcott  
12,2014,12,1,NA,NA,Andy Alcott  
12,2015,1,1,NA,22,Andy Alcott  
12,2015,2,1,NA,NA,Andy Alcott  
12,2015,3,1,NA,NA,Andy Alcott  
12,2015,4,1,NA,NA,Andy Alcott  
12,2015,5,1,NA,NA,Andy Alcott  
12,2015,6,1,NA,NA,Andy Alcott  
12,2015,7,1,NA,NA,Andy Alcott  
12,2015,8,1,NA,1,Andy Alcott  
12,2015,9,1,NA,NA,Andy Alcott  
13,2009,1,1,NA,57,Antwan Algarin  
13,2009,2,1,NA,9,Antwan Algarin  
13,2009,3,1,NA,NA,Antwan Algarin  
13,2009,4,1,NA,NA,Antwan Algarin  
13,2009,5,1,NA,NA,Antwan Algarin  
13,2009,6,1,NA,30,Antwan Algarin  
13,2009,7,1,NA,NA,Antwan Algarin  
13,2009,8,1,NA,19,Antwan Algarin  
13,2009,9,1,NA,NA,Antwan Algarin  
13,2009,10,1,NA,33,Antwan Algarin  
13,2009,11,1,NA,NA,Antwan Algarin  
13,2009,12,1,NA,NA,Antwan Algarin  
13,2010,1,1,NA,NA,Antwan Algarin  
13,2010,2,1,NA,NA,Antwan Algarin  
13,2010,3,1,NA,NA,Antwan Algarin  
14,2009,1,1,NA,NA,Arline Adcox  
14,2009,2,1,NA,NA,Arline Adcox  
14,2009,3,1,NA,NA,Arline Adcox  
14,2009,4,1,NA,NA,Arline Adcox  
14,2009,5,1,NA,NA,Arline Adcox  
14,2009,6,1,NA,22,Arline Adcox  
14,2009,7,1,NA,NA,Arline Adcox  
14,2009,8,1,NA,NA,Arline Adcox  
14,2009,9,1,NA,NA,Arline Adcox  
14,2009,10,1,NA,NA,Arline Adcox  
14,2009,11,0.5,NA,NA,Arline Adcox  
14,2009,12,1,NA,NA,Arline Adcox  
14,2010,1,1,NA,19,Arline Adcox  
14,2010,2,1,NA,NA,Arline Adcox  
14,2010,3,1,NA,30,Arline Adcox  
14,2010,4,1,NA,8,Arline Adcox  
14,2010,5,1,NA,NA,Arline Adcox  
14,2010,6,1,NA,29,Arline Adcox  
14,2010,7,1,NA,NA,Arline Adcox  
14,2010,8,1,NA,46,Arline Adcox  
14,2010,9,1,NA,NA,Arline Adcox  
14,2010,10,1,NA,NA,Arline Adcox  
14,2010,11,1,NA,NA,Arline Adcox  
14,2010,12,1,NA,NA,Arline Adcox  
14,2011,1,1,NA,NA,Arline Adcox  
14,2011,2,1,NA,NA,Arline Adcox  
14,2011,3,1,NA,60,Arline Adcox  
14,2011,4,1,NA,48,Arline Adcox  
14,2011,5,1,NA,NA,Arline Adcox  
14,2011,6,1,NA,NA,Arline Adcox  
14,2011,7,1,NA,16,Arline Adcox  
14,2011,8,1,NA,NA,Arline Adcox  
14,2011,9,1,NA,NA,Arline Adcox  
14,2011,10,1,NA,NA,Arline Adcox  
14,2011,11,1,NA,NA,Arline Adcox  
14,2011,12,1,NA,NA,Arline Adcox  
14,2012,1,0.5,NA,NA,Arline Adcox  
14,2012,2,1,NA,NA,Arline Adcox  
14,2012,3,0.76,NA,NA,Arline Adcox  
14,2012,4,1,NA,NA,Arline Adcox  
14,2012,5,0.5,NA,NA,Arline Adcox  
14,2012,6,1,NA,NA,Arline Adcox  
14,2012,7,1,NA,NA,Arline Adcox  
14,2012,8,1,NA,NA,Arline Adcox  
14,2012,9,0.76,NA,2,Arline Adcox  
14,2012,10,1,NA,NA,Arline Adcox  
14,2012,11,1,NA,30,Arline Adcox  
14,2012,12,1,NA,NA,Arline Adcox  
14,2013,1,1,NA,NA,Arline Adcox  
14,2013,2,1,NA,NA,Arline Adcox  
14,2013,3,1,NA,NA,Arline Adcox  
14,2013,4,1,NA,NA,Arline Adcox  
14,2013,5,1,NA,NA,Arline Adcox  
14,2013,6,1,NA,28,Arline Adcox  
14,2013,7,0.76,NA,NA,Arline Adcox  
14,2013,8,1,NA,NA,Arline Adcox  
14,2013,9,1,NA,37,Arline Adcox  
14,2013,10,1,NA,NA,Arline Adcox  
14,2013,11,1,NA,NA,Arline Adcox  
14,2013,12,1,NA,NA,Arline Adcox  
14,2014,1,1,NA,NA,Arline Adcox  
14,2014,2,1,NA,38,Arline Adcox  
14,2014,3,1,75,NA,Arline Adcox  
14,2014,4,1,NA,44,Arline Adcox  
14,2014,5,1,NA,NA,Arline Adcox  
14,2014,6,1,NA,NA,Arline Adcox  
14,2014,7,1,NA,NA,Arline Adcox  
14,2014,8,1,NA,NA,Arline Adcox  
15,2012,7,1,2,NA,Arnita Arocho  
15,2012,8,1,NA,14,Arnita Arocho  
15,2012,9,1,NA,39,Arnita Arocho  
16,2012,8,1,NA,NA,Ashlea Aderholt  
16,2012,9,1,NA,NA,Ashlea Aderholt  
16,2012,10,0.5,NA,58,Ashlea Aderholt  
16,2012,11,1,NA,NA,Ashlea Aderholt  
16,2012,12,1,NA,NA,Ashlea Aderholt  
16,2013,1,1,NA,54,Ashlea Aderholt  
16,2013,2,1,NA,NA,Ashlea Aderholt  
16,2013,3,1,NA,NA,Ashlea Aderholt  
16,2013,4,1,NA,NA,Ashlea Aderholt  
16,2013,5,0.76,NA,NA,Ashlea Aderholt  
16,2013,6,1,NA,NA,Ashlea Aderholt  
16,2013,7,1,NA,NA,Ashlea Aderholt  
16,2013,8,1,NA,29,Ashlea Aderholt  
16,2013,9,1,NA,NA,Ashlea Aderholt  
16,2013,10,1,NA,NA,Ashlea Aderholt  
16,2013,11,1,NA,NA,Ashlea Aderholt  
16,2013,12,1,NA,NA,Ashlea Aderholt  
16,2014,1,1,NA,NA,Ashlea Aderholt  
16,2014,2,1,NA,5,Ashlea Aderholt  
16,2014,3,1,NA,NA,Ashlea Aderholt  
16,2014,4,1,NA,27,Ashlea Aderholt  
16,2014,5,1,NA,NA,Ashlea Aderholt  
16,2014,6,1,NA,NA,Ashlea Aderholt  
16,2014,7,1,NA,NA,Ashlea Aderholt  
16,2014,8,1,NA,48,Ashlea Aderholt  
16,2014,9,1,NA,NA,Ashlea Aderholt  
16,2014,10,0.5,NA,NA,Ashlea Aderholt  
16,2014,11,0.5,NA,NA,Ashlea Aderholt  
16,2014,12,0.5,NA,13,Ashlea Aderholt  
16,2015,1,1,NA,12,Ashlea Aderholt  
16,2015,2,1,NA,NA,Ashlea Aderholt  
16,2015,3,1,NA,NA,Ashlea Aderholt  
16,2015,4,1,NA,NA,Ashlea Aderholt  
16,2015,5,1,NA,NA,Ashlea Aderholt  
16,2015,6,1,NA,20,Ashlea Aderholt  
16,2015,7,1,NA,NA,Ashlea Aderholt  
16,2015,8,1,NA,NA,Ashlea Aderholt  
16,2015,9,1,NA,NA,Ashlea Aderholt  
17,2009,1,1,NA,NA,Ashly Albert  
17,2009,2,1,NA,NA,Ashly Albert  
17,2009,3,1,NA,NA,Ashly Albert  
17,2009,4,1,NA,23,Ashly Albert  
17,2009,5,1,NA,1,Ashly Albert  
17,2009,6,1,NA,NA,Ashly Albert  
17,2009,7,1,NA,NA,Ashly Albert  
17,2009,8,1,NA,34,Ashly Albert  
17,2009,9,1,NA,48,Ashly Albert  
17,2009,10,1,NA,NA,Ashly Albert  
17,2009,11,1,NA,NA,Ashly Albert  
17,2009,12,0.76,NA,NA,Ashly Albert  
17,2010,1,1,NA,NA,Ashly Albert  
17,2010,2,1,NA,NA,Ashly Albert  
17,2010,3,1,NA,24,Ashly Albert  
17,2010,4,1,NA,NA,Ashly Albert  
17,2010,5,1,NA,NA,Ashly Albert  
17,2010,6,1,NA,11,Ashly Albert  
17,2010,7,1,NA,NA,Ashly Albert  
17,2010,8,0.5,NA,NA,Ashly Albert  
17,2010,9,1,NA,NA,Ashly Albert  
17,2010,10,1,NA,NA,Ashly Albert  
17,2010,11,1,NA,NA,Ashly Albert  
17,2010,12,1,NA,NA,Ashly Albert  
17,2011,1,1,NA,NA,Ashly Albert  
17,2011,2,0.5,NA,NA,Ashly Albert  
17,2011,3,1,NA,NA,Ashly Albert  
17,2011,4,1,NA,NA,Ashly Albert  
17,2011,5,1,NA,NA,Ashly Albert  
17,2011,6,1,NA,NA,Ashly Albert  
17,2011,7,1,NA,NA,Ashly Albert  
17,2011,8,1,NA,NA,Ashly Albert  
17,2011,9,1,NA,NA,Ashly Albert  
17,2011,10,1,NA,34,Ashly Albert  
17,2011,11,1,NA,NA,Ashly Albert  
17,2011,12,0.76,NA,NA,Ashly Albert  
17,2012,1,1,NA,NA,Ashly Albert  
17,2012,2,0.5,NA,NA,Ashly Albert  
17,2012,3,1,NA,51,Ashly Albert  
17,2012,4,1,NA,NA,Ashly Albert  
17,2012,5,1,NA,8,Ashly Albert  
17,2012,6,1,NA,NA,Ashly Albert  
17,2012,7,1,NA,NA,Ashly Albert  
17,2012,8,1,NA,NA,Ashly Albert  
17,2012,9,0.76,NA,NA,Ashly Albert  
17,2012,10,0.5,85,NA,Ashly Albert  
17,2012,11,1,NA,NA,Ashly Albert  
17,2012,12,1,NA,NA,Ashly Albert  
17,2013,1,1,NA,14,Ashly Albert  
17,2013,2,1,NA,NA,Ashly Albert  
17,2013,3,1,NA,57,Ashly Albert  
17,2013,4,1,NA,NA,Ashly Albert  
17,2013,5,1,NA,NA,Ashly Albert  
17,2013,6,1,NA,NA,Ashly Albert  
17,2013,7,1,NA,NA,Ashly Albert  
17,2013,8,1,91,NA,Ashly Albert  
17,2013,9,1,NA,9,Ashly Albert  
17,2013,10,0.5,NA,42,Ashly Albert  
17,2013,11,1,NA,NA,Ashly Albert  
17,2013,12,1,NA,14,Ashly Albert  
17,2014,1,1,NA,33,Ashly Albert  
17,2014,2,0.5,NA,NA,Ashly Albert  
17,2014,3,1,NA,26,Ashly Albert  
17,2014,4,0.76,NA,NA,Ashly Albert  
17,2014,5,1,NA,NA,Ashly Albert  
17,2014,6,1,NA,NA,Ashly Albert  
17,2014,7,1,NA,29,Ashly Albert  
17,2014,8,1,NA,NA,Ashly Albert  
17,2014,9,1,NA,34,Ashly Albert  
17,2014,10,0.5,NA,NA,Ashly Albert  
17,2014,11,1,NA,NA,Ashly Albert  
17,2014,12,1,NA,NA,Ashly Albert  
17,2015,1,1,NA,NA,Ashly Albert  
17,2015,2,1,NA,NA,Ashly Albert  
17,2015,3,1,NA,NA,Ashly Albert  
17,2015,4,0.5,NA,NA,Ashly Albert  
17,2015,5,1,NA,NA,Ashly Albert  
17,2015,6,1,NA,NA,Ashly Albert  
17,2015,7,1,NA,NA,Ashly Albert  
17,2015,8,1,NA,NA,Ashly Albert  
17,2015,9,1,NA,NA,Ashly Albert  
18,2009,1,1,NA,13,Asley Alvear  
18,2009,2,1,NA,NA,Asley Alvear  
18,2009,3,1,NA,NA,Asley Alvear  
18,2009,4,1,NA,NA,Asley Alvear  
18,2009,5,0.76,NA,NA,Asley Alvear  
18,2009,6,1,NA,49,Asley Alvear  
18,2009,7,1,NA,NA,Asley Alvear  
18,2009,8,1,NA,NA,Asley Alvear  
18,2009,9,1,NA,NA,Asley Alvear  
18,2009,10,1,NA,NA,Asley Alvear  
18,2009,11,1,NA,NA,Asley Alvear  
18,2009,12,1,NA,NA,Asley Alvear  
18,2010,1,1,NA,NA,Asley Alvear  
18,2010,2,1,NA,NA,Asley Alvear  
18,2010,3,1,NA,13,Asley Alvear  
18,2010,4,1,NA,NA,Asley Alvear  
18,2010,5,1,NA,NA,Asley Alvear  
18,2010,6,1,NA,NA,Asley Alvear  
18,2010,7,1,NA,NA,Asley Alvear  
18,2010,8,1,NA,NA,Asley Alvear  
18,2010,9,1,NA,NA,Asley Alvear  
18,2010,10,1,NA,NA,Asley Alvear  
18,2010,11,1,NA,NA,Asley Alvear  
18,2010,12,1,NA,NA,Asley Alvear  
18,2011,1,1,NA,NA,Asley Alvear  
18,2011,2,1,NA,52,Asley Alvear  
18,2011,3,1,NA,NA,Asley Alvear  
18,2011,4,1,NA,NA,Asley Alvear  
18,2011,5,1,NA,NA,Asley Alvear  
18,2011,6,1,NA,NA,Asley Alvear  
18,2011,7,1,NA,NA,Asley Alvear  
18,2011,8,0.5,NA,NA,Asley Alvear  
18,2011,9,1,NA,NA,Asley Alvear  
18,2011,10,1,NA,NA,Asley Alvear  
18,2011,11,1,NA,42,Asley Alvear  
18,2011,12,1,NA,NA,Asley Alvear  
18,2012,1,1,NA,44,Asley Alvear  
18,2012,2,1,NA,12,Asley Alvear  
18,2012,3,0.5,NA,25,Asley Alvear  
18,2012,4,1,NA,58,Asley Alvear  
18,2012,5,1,NA,NA,Asley Alvear  
18,2012,6,1,NA,53,Asley Alvear  
18,2012,7,1,NA,NA,Asley Alvear  
18,2012,8,1,NA,NA,Asley Alvear  
18,2012,9,1,NA,NA,Asley Alvear  
18,2012,10,1,NA,NA,Asley Alvear  
18,2012,11,1,NA,NA,Asley Alvear  
18,2012,12,1,NA,NA,Asley Alvear  
18,2013,1,1,NA,NA,Asley Alvear  
18,2013,2,1,NA,NA,Asley Alvear  
18,2013,3,1,NA,19,Asley Alvear  
18,2013,4,1,NA,NA,Asley Alvear  
18,2013,5,1,NA,NA,Asley Alvear  
18,2013,6,1,NA,NA,Asley Alvear  
18,2013,7,1,NA,NA,Asley Alvear  
18,2013,8,1,NA,NA,Asley Alvear  
18,2013,9,0.5,NA,NA,Asley Alvear  
18,2013,10,1,NA,NA,Asley Alvear  
18,2013,11,1,NA,NA,Asley Alvear  
18,2013,12,1,NA,NA,Asley Alvear  
18,2014,1,1,NA,NA,Asley Alvear  
18,2014,2,1,NA,NA,Asley Alvear  
18,2014,3,1,NA,NA,Asley Alvear  
18,2014,4,1,NA,NA,Asley Alvear  
18,2014,5,1,NA,NA,Asley Alvear  
18,2014,6,1,NA,NA,Asley Alvear  
18,2014,7,1,NA,NA,Asley Alvear  
18,2014,8,1,149,NA,Asley Alvear  
18,2014,9,1,NA,NA,Asley Alvear  
18,2014,10,1,NA,NA,Asley Alvear  
18,2014,11,1,NA,58,Asley Alvear  
18,2014,12,1,NA,NA,Asley Alvear  
18,2015,1,1,NA,NA,Asley Alvear  
18,2015,2,0.76,NA,NA,Asley Alvear  
18,2015,3,1,NA,12,Asley Alvear  
18,2015,4,0.5,NA,NA,Asley Alvear  
18,2015,5,1,NA,NA,Asley Alvear  
18,2015,6,1,NA,36,Asley Alvear  
18,2015,7,1,NA,NA,Asley Alvear  
18,2015,8,1,NA,NA,Asley Alvear  
18,2015,9,1,NA,NA,Asley Alvear  
19,2012,5,1,NA,3,Augustina Alvino  
19,2012,6,1,NA,NA,Augustina Alvino  
19,2012,7,1,NA,NA,Augustina Alvino  
19,2012,8,1,NA,NA,Augustina Alvino  
19,2012,9,1,NA,8,Augustina Alvino  
19,2012,10,1,NA,NA,Augustina Alvino  
19,2012,11,1,NA,NA,Augustina Alvino  
19,2012,12,1,NA,NA,Augustina Alvino  
20,2009,1,1,NA,33,Ayako Andrepont  
20,2009,2,0.5,NA,NA,Ayako Andrepont  
20,2009,3,1,NA,NA,Ayako Andrepont  
20,2009,4,1,NA,NA,Ayako Andrepont  
20,2009,5,1,NA,NA,Ayako Andrepont  
20,2009,6,1,NA,31,Ayako Andrepont  
20,2009,7,1,NA,NA,Ayako Andrepont  
20,2009,8,1,NA,10,Ayako Andrepont  
20,2009,9,1,NA,NA,Ayako Andrepont  
20,2009,10,1,NA,NA,Ayako Andrepont  
20,2009,11,1,NA,NA,Ayako Andrepont  
20,2009,12,1,NA,31,Ayako Andrepont  
20,2010,1,1,NA,1,Ayako Andrepont  
20,2010,2,1,NA,NA,Ayako Andrepont  
20,2010,3,1,NA,NA,Ayako Andrepont  
20,2010,4,1,NA,30,Ayako Andrepont  
20,2010,5,1,NA,NA,Ayako Andrepont  
20,2010,6,1,NA,10,Ayako Andrepont  
20,2010,7,1,85,NA,Ayako Andrepont  
20,2010,8,1,NA,NA,Ayako Andrepont  
20,2010,9,1,NA,NA,Ayako Andrepont  
20,2010,10,1,NA,NA,Ayako Andrepont  
20,2010,11,1,NA,NA,Ayako Andrepont  
20,2010,12,1,NA,NA,Ayako Andrepont  
20,2011,1,1,NA,NA,Ayako Andrepont  
20,2011,2,1,NA,NA,Ayako Andrepont  
20,2011,3,1,NA,NA,Ayako Andrepont  
20,2011,4,1,NA,NA,Ayako Andrepont  
20,2011,5,1,NA,13,Ayako Andrepont  
20,2011,6,1,NA,NA,Ayako Andrepont  
20,2011,7,1,NA,NA,Ayako Andrepont  
20,2011,8,1,NA,NA,Ayako Andrepont  
20,2011,9,0.76,NA,NA,Ayako Andrepont  
20,2011,10,1,NA,14,Ayako Andrepont  
20,2011,11,1,NA,NA,Ayako Andrepont  
20,2011,12,1,NA,NA,Ayako Andrepont  
20,2012,1,1,NA,NA,Ayako Andrepont  
20,2012,2,1,NA,NA,Ayako Andrepont  
20,2012,3,0.76,NA,NA,Ayako Andrepont  
20,2012,4,0.5,NA,NA,Ayako Andrepont  
20,2012,5,1,NA,NA,Ayako Andrepont  
20,2012,6,1,NA,NA,Ayako Andrepont  
20,2012,7,1,NA,NA,Ayako Andrepont  
20,2012,8,1,NA,13,Ayako Andrepont  
20,2012,9,1,NA,50,Ayako Andrepont  
20,2012,10,1,NA,NA,Ayako Andrepont  
20,2012,11,1,NA,NA,Ayako Andrepont  
20,2012,12,1,NA,4,Ayako Andrepont  
20,2013,1,1,NA,NA,Ayako Andrepont  
20,2013,2,1,NA,NA,Ayako Andrepont  
20,2013,3,1,NA,NA,Ayako Andrepont  
20,2013,4,1,NA,NA,Ayako Andrepont  
20,2013,5,1,NA,NA,Ayako Andrepont  
20,2013,6,1,NA,NA,Ayako Andrepont  
20,2013,7,1,NA,NA,Ayako Andrepont  
20,2013,8,1,NA,NA,Ayako Andrepont  
20,2013,9,1,NA,NA,Ayako Andrepont  
20,2013,10,1,NA,NA,Ayako Andrepont  
20,2013,11,1,NA,NA,Ayako Andrepont  
20,2013,12,1,NA,NA,Ayako Andrepont  
20,2014,1,1,NA,NA,Ayako Andrepont  
20,2014,2,1,NA,NA,Ayako Andrepont  
20,2014,3,1,NA,NA,Ayako Andrepont  
20,2014,4,1,NA,NA,Ayako Andrepont  
20,2014,5,1,NA,NA,Ayako Andrepont  
20,2014,6,1,NA,NA,Ayako Andrepont  
20,2014,7,1,NA,NA,Ayako Andrepont  
20,2014,8,1,NA,NA,Ayako Andrepont  
20,2014,9,1,NA,NA,Ayako Andrepont  
20,2014,10,1,NA,NA,Ayako Andrepont  
20,2014,11,1,NA,NA,Ayako Andrepont  
20,2014,12,1,NA,NA,Ayako Andrepont  
20,2015,1,1,NA,NA,Ayako Andrepont  
20,2015,2,1,NA,NA,Ayako Andrepont  
20,2015,3,1,NA,35,Ayako Andrepont  
20,2015,4,1,NA,NA,Ayako Andrepont  
20,2015,5,1,NA,NA,Ayako Andrepont  
20,2015,6,1,NA,NA,Ayako Andrepont  
20,2015,7,1,NA,NA,Ayako Andrepont  
20,2015,8,1,NA,NA,Ayako Andrepont  
20,2015,9,0.5,NA,NA,Ayako Andrepont  
21,2009,1,1,NA,39,Azalee Aderholt  
21,2009,2,0.5,NA,33,Azalee Aderholt  
21,2009,3,0.5,NA,NA,Azalee Aderholt  
21,2009,4,1,NA,NA,Azalee Aderholt  
21,2009,5,1,NA,10,Azalee Aderholt  
21,2009,6,1,NA,NA,Azalee Aderholt  
21,2009,7,0.5,NA,NA,Azalee Aderholt  
21,2009,8,1,NA,NA,Azalee Aderholt  
21,2009,9,1,NA,NA,Azalee Aderholt  
21,2009,10,1,NA,NA,Azalee Aderholt  
21,2009,11,1,NA,NA,Azalee Aderholt  
21,2010,1,1,NA,NA,Azalee Aderholt  
21,2010,2,1,NA,NA,Azalee Aderholt  
21,2010,3,1,NA,NA,Azalee Aderholt  
21,2010,4,1,NA,NA,Azalee Aderholt  
21,2010,5,1,NA,NA,Azalee Aderholt  
21,2010,6,1,NA,NA,Azalee Aderholt  
21,2010,7,1,NA,NA,Azalee Aderholt  
21,2010,8,1,NA,NA,Azalee Aderholt  
21,2010,9,1,NA,NA,Azalee Aderholt  
21,2010,10,1,NA,NA,Azalee Aderholt  
21,2010,11,1,NA,NA,Azalee Aderholt  
21,2010,12,1,NA,NA,Azalee Aderholt  
21,2011,1,1,NA,NA,Azalee Aderholt  
21,2011,2,1,NA,NA,Azalee Aderholt  
21,2011,3,1,NA,NA,Azalee Aderholt  
21,2011,4,1,NA,38,Azalee Aderholt  
21,2011,5,0.76,NA,NA,Azalee Aderholt  
21,2011,6,1,NA,NA,Azalee Aderholt  
21,2011,7,1,NA,56,Azalee Aderholt  
21,2011,8,1,NA,NA,Azalee Aderholt  
21,2011,9,1,NA,NA,Azalee Aderholt  
21,2011,10,1,NA,NA,Azalee Aderholt  
21,2011,11,1,NA,22,Azalee Aderholt  
21,2011,12,1,NA,NA,Azalee Aderholt  
21,2012,1,1,NA,28,Azalee Aderholt  
21,2012,2,1,NA,NA,Azalee Aderholt  
21,2012,3,1,NA,NA,Azalee Aderholt  
21,2012,4,0.5,NA,NA,Azalee Aderholt  
21,2012,5,0.5,NA,NA,Azalee Aderholt  
21,2012,6,1,NA,NA,Azalee Aderholt  
21,2012,7,1,NA,NA,Azalee Aderholt  
21,2012,8,1,NA,NA,Azalee Aderholt  
21,2012,9,1,NA,NA,Azalee Aderholt  
21,2012,10,1,24,4,Azalee Aderholt  
21,2012,11,1,NA,NA,Azalee Aderholt  
22,2009,1,1,NA,NA,Bethany Barcia  
22,2009,2,1,NA,30,Bethany Barcia  
22,2009,3,1,NA,NA,Bethany Barcia  
22,2009,4,1,NA,NA,Bethany Barcia  
22,2009,5,1,NA,NA,Bethany Barcia  
22,2009,6,1,NA,NA,Bethany Barcia  
22,2009,7,1,NA,19,Bethany Barcia  
22,2009,8,1,NA,37,Bethany Barcia  
22,2009,9,1,NA,NA,Bethany Barcia  
22,2009,10,1,NA,13,Bethany Barcia  
22,2009,11,1,NA,39,Bethany Barcia  
22,2009,12,1,NA,NA,Bethany Barcia  
22,2010,1,1,NA,NA,Bethany Barcia  
22,2010,2,1,NA,NA,Bethany Barcia  
22,2010,3,1,NA,NA,Bethany Barcia  
22,2010,4,0.5,NA,36,Bethany Barcia  
22,2010,5,1,NA,58,Bethany Barcia  
22,2010,6,1,NA,NA,Bethany Barcia  
22,2010,7,1,NA,NA,Bethany Barcia  
22,2010,8,1,NA,NA,Bethany Barcia  
22,2010,9,1,NA,NA,Bethany Barcia  
22,2010,10,1,NA,39,Bethany Barcia  
22,2010,11,1,NA,NA,Bethany Barcia  
22,2010,12,1,118,NA,Bethany Barcia  
22,2011,1,1,NA,NA,Bethany Barcia  
22,2011,2,0.5,NA,NA,Bethany Barcia  
22,2011,3,1,NA,NA,Bethany Barcia  
22,2011,4,1,NA,NA,Bethany Barcia  
22,2011,5,1,NA,NA,Bethany Barcia  
22,2011,6,1,NA,NA,Bethany Barcia  
22,2011,7,1,NA,NA,Bethany Barcia  
22,2011,8,1,NA,NA,Bethany Barcia  
22,2011,9,1,NA,56,Bethany Barcia  
22,2011,10,1,NA,5,Bethany Barcia  
22,2011,11,1,NA,NA,Bethany Barcia  
22,2011,12,1,NA,NA,Bethany Barcia  
22,2012,1,0.5,NA,NA,Bethany Barcia  
22,2012,2,1,NA,19,Bethany Barcia  
22,2012,3,1,NA,NA,Bethany Barcia  
22,2012,4,1,NA,NA,Bethany Barcia  
22,2012,5,1,NA,57,Bethany Barcia  
22,2012,6,1,NA,NA,Bethany Barcia  
22,2012,7,1,NA,NA,Bethany Barcia  
22,2012,8,1,NA,NA,Bethany Barcia  
22,2012,9,1,NA,4,Bethany Barcia  
22,2012,10,1,NA,NA,Bethany Barcia  
22,2012,11,1,NA,NA,Bethany Barcia  
22,2012,12,1,NA,60,Bethany Barcia  
22,2013,1,0.76,NA,NA,Bethany Barcia  
22,2013,2,1,NA,NA,Bethany Barcia  
22,2013,3,1,NA,NA,Bethany Barcia  
22,2013,4,1,NA,NA,Bethany Barcia  
22,2013,5,1,NA,NA,Bethany Barcia  
22,2013,6,0.76,NA,NA,Bethany Barcia  
22,2013,7,0.76,NA,NA,Bethany Barcia  
22,2013,8,1,NA,NA,Bethany Barcia  
22,2013,9,1,NA,NA,Bethany Barcia  
22,2013,10,1,NA,NA,Bethany Barcia  
22,2013,11,0.5,NA,NA,Bethany Barcia  
22,2013,12,1,NA,NA,Bethany Barcia  
22,2014,1,1,NA,NA,Bethany Barcia  
22,2014,2,1,NA,NA,Bethany Barcia  
22,2014,3,0.76,NA,NA,Bethany Barcia  
22,2014,4,1,NA,NA,Bethany Barcia  
22,2014,5,1,NA,NA,Bethany Barcia  
22,2014,6,1,NA,NA,Bethany Barcia  
22,2014,7,1,NA,11,Bethany Barcia  
22,2014,8,1,NA,NA,Bethany Barcia  
22,2014,9,1,NA,NA,Bethany Barcia  
22,2014,10,1,NA,14,Bethany Barcia  
22,2014,11,1,NA,9,Bethany Barcia  
22,2014,12,1,NA,NA,Bethany Barcia  
22,2015,1,1,NA,NA,Bethany Barcia  
22,2015,2,1,NA,46,Bethany Barcia  
22,2015,3,1,NA,NA,Bethany Barcia  
22,2015,4,1,NA,NA,Bethany Barcia  
22,2015,5,1,NA,NA,Bethany Barcia  
22,2015,6,1,NA,NA,Bethany Barcia  
22,2015,7,1,NA,NA,Bethany Barcia  
22,2015,8,1,NA,NA,Bethany Barcia  
22,2015,9,1,NA,NA,Bethany Barcia  
23,2009,1,1,NA,NA,Bob Bachelor  
23,2009,2,1,NA,NA,Bob Bachelor  
23,2009,3,1,NA,NA,Bob Bachelor  
23,2009,4,1,NA,NA,Bob Bachelor  
23,2009,5,1,NA,NA,Bob Bachelor  
23,2009,6,1,NA,NA,Bob Bachelor  
23,2009,7,1,NA,NA,Bob Bachelor  
23,2009,8,1,NA,NA,Bob Bachelor  
23,2009,9,1,NA,60,Bob Bachelor  
23,2009,10,1,NA,NA,Bob Bachelor  
23,2009,11,1,NA,NA,Bob Bachelor  
23,2009,12,1,NA,NA,Bob Bachelor  
23,2010,1,1,NA,NA,Bob Bachelor  
23,2010,2,1,NA,NA,Bob Bachelor  
23,2010,3,1,NA,NA,Bob Bachelor  
23,2010,4,0.5,81,NA,Bob Bachelor  
23,2010,5,1,NA,NA,Bob Bachelor  
23,2010,6,1,NA,NA,Bob Bachelor  
24,2009,5,1,NA,NA,Brad Bradham  
24,2009,6,1,NA,NA,Brad Bradham  
24,2009,7,1,NA,38,Brad Bradham  
24,2009,8,1,NA,NA,Brad Bradham  
24,2009,9,1,NA,NA,Brad Bradham  
24,2009,10,1,NA,NA,Brad Bradham  
24,2009,11,1,NA,NA,Brad Bradham  
24,2009,12,1,99,NA,Brad Bradham  
24,2010,1,1,NA,33,Brad Bradham  
25,2012,10,1,NA,NA,Bradford Bitting  
25,2012,11,1,NA,NA,Bradford Bitting  
25,2012,12,1,NA,NA,Bradford Bitting  
25,2013,1,0.76,NA,NA,Bradford Bitting  
25,2013,2,1,NA,NA,Bradford Bitting  
25,2013,3,1,NA,NA,Bradford Bitting  
25,2013,4,1,NA,NA,Bradford Bitting  
25,2013,5,1,128,11,Bradford Bitting  
25,2013,6,0.5,NA,NA,Bradford Bitting  
25,2013,7,1,NA,NA,Bradford Bitting  
25,2013,8,1,NA,24,Bradford Bitting  
25,2013,9,1,NA,28,Bradford Bitting  
25,2013,10,1,NA,NA,Bradford Bitting  
25,2013,11,1,NA,NA,Bradford Bitting  
25,2013,12,1,NA,NA,Bradford Bitting  
25,2014,1,1,NA,NA,Bradford Bitting  
25,2014,2,1,NA,NA,Bradford Bitting  
25,2014,3,1,NA,58,Bradford Bitting  
25,2014,4,1,NA,NA,Bradford Bitting  
25,2015,7,1,NA,27,Bradford Bitting  
25,2015,8,1,NA,NA,Bradford Bitting  
25,2015,9,1,NA,NA,Bradford Bitting  
26,2012,10,0.5,NA,36,Branda Butterfield  
26,2012,11,1,NA,NA,Branda Butterfield  
26,2012,12,1,NA,NA,Branda Butterfield  
26,2013,1,1,NA,NA,Branda Butterfield  
26,2013,2,1,NA,NA,Branda Butterfield  
27,2012,11,1,NA,40,Brande Bilger  
27,2012,12,0.5,NA,NA,Brande Bilger  
27,2013,1,1,NA,NA,Brande Bilger  
27,2013,2,1,NA,NA,Brande Bilger  
27,2013,3,1,NA,NA,Brande Bilger  
27,2013,4,1,NA,NA,Brande Bilger  
27,2013,5,1,NA,NA,Brande Bilger  
27,2013,6,1,NA,NA,Brande Bilger  
27,2013,7,1,NA,NA,Brande Bilger  
27,2013,8,1,147,NA,Brande Bilger  
27,2013,9,1,NA,NA,Brande Bilger  
27,2013,10,1,NA,NA,Brande Bilger  
27,2013,11,1,NA,NA,Brande Bilger  
27,2013,12,1,NA,NA,Brande Bilger  
27,2014,1,1,NA,43,Brande Bilger  
27,2014,2,1,NA,53,Brande Bilger  
27,2014,3,0.76,NA,44,Brande Bilger  
27,2014,4,1,NA,NA,Brande Bilger  
27,2014,5,1,NA,NA,Brande Bilger  
27,2014,6,1,NA,55,Brande Bilger  
27,2014,7,1,NA,NA,Brande Bilger  
27,2014,8,0.5,NA,NA,Brande Bilger  
27,2014,9,1,NA,NA,Brande Bilger  
27,2014,10,1,NA,NA,Brande Bilger  
27,2014,11,1,NA,39,Brande Bilger  
27,2014,12,1,NA,NA,Brande Bilger  
27,2015,1,0.5,NA,NA,Brande Bilger  
27,2015,2,0.76,NA,NA,Brande Bilger  
27,2015,3,1,NA,NA,Brande Bilger  
27,2015,4,1,NA,NA,Brande Bilger  
27,2015,5,0.76,NA,NA,Brande Bilger  
27,2015,6,1,NA,2,Brande Bilger  
27,2015,7,1,NA,NA,Brande Bilger  
27,2015,8,1,NA,NA,Brande Bilger  
27,2015,9,1,NA,9,Brande Bilger  
28,2012,5,1,NA,NA,Brandee Budzinski  
28,2012,6,1,NA,NA,Brandee Budzinski  
28,2012,7,1,58,NA,Brandee Budzinski  
28,2012,8,1,NA,NA,Brandee Budzinski  
28,2012,9,1,NA,NA,Brandee Budzinski  
29,2010,6,1,NA,NA,Brandi Bergdoll  
29,2010,7,1,NA,NA,Brandi Bergdoll  
29,2010,8,1,NA,NA,Brandi Bergdoll  
29,2010,9,1,NA,NA,Brandi Bergdoll  
29,2010,10,1,NA,NA,Brandi Bergdoll  
29,2010,11,1,NA,NA,Brandi Bergdoll  
29,2010,12,1,NA,NA,Brandi Bergdoll  
29,2011,1,1,NA,NA,Brandi Bergdoll  
29,2011,2,1,NA,NA,Brandi Bergdoll  
29,2011,3,1,NA,37,Brandi Bergdoll  
29,2011,4,1,NA,NA,Brandi Bergdoll  
29,2011,5,1,NA,NA,Brandi Bergdoll  
29,2011,6,1,NA,17,Brandi Bergdoll  
29,2011,7,1,NA,17,Brandi Bergdoll  
29,2011,8,1,NA,NA,Brandi Bergdoll  
29,2011,9,1,NA,23,Brandi Bergdoll  
29,2011,10,0.5,NA,NA,Brandi Bergdoll  
29,2011,11,0.76,NA,14,Brandi Bergdoll  
30,2011,6,1,NA,NA,Brandi Birchfield  
30,2011,7,1,NA,NA,Brandi Birchfield  
30,2011,8,1,NA,NA,Brandi Birchfield  
30,2011,9,0.5,NA,NA,Brandi Birchfield  
30,2011,12,1,NA,NA,Brandi Birchfield  
31,2012,4,1,NA,NA,Bruno Byrum  
31,2012,5,0.5,NA,NA,Bruno Byrum  
31,2012,6,1,NA,NA,Bruno Byrum  
31,2012,7,1,NA,NA,Bruno Byrum  
31,2012,8,0.5,NA,NA,Bruno Byrum  
31,2012,9,1,NA,NA,Bruno Byrum  
31,2012,10,1,NA,NA,Bruno Byrum  
31,2012,11,0.5,NA,NA,Bruno Byrum  
31,2012,12,1,NA,NA,Bruno Byrum  
31,2013,1,0.5,NA,53,Bruno Byrum  
31,2013,2,1,NA,NA,Bruno Byrum  
31,2013,3,0.76,NA,NA,Bruno Byrum  
31,2013,4,1,18,24,Bruno Byrum  
31,2013,5,0.76,NA,NA,Bruno Byrum  
31,2013,6,1,NA,NA,Bruno Byrum  
32,2012,5,1,NA,5,Bryce Blea  
32,2012,6,1,NA,NA,Bryce Blea  
32,2012,7,1,NA,NA,Bryce Blea  
32,2012,8,1,NA,NA,Bryce Blea  
32,2012,9,1,NA,NA,Bryce Blea  
32,2012,10,1,NA,NA,Bryce Blea  
32,2012,11,1,NA,50,Bryce Blea  
32,2012,12,1,NA,NA,Bryce Blea  
32,2013,1,1,NA,NA,Bryce Blea  
32,2013,2,1,94,NA,Bryce Blea  
32,2013,3,1,NA,NA,Bryce Blea  
32,2013,4,1,NA,NA,Bryce Blea  
32,2013,5,1,NA,NA,Bryce Blea  
32,2013,6,1,NA,NA,Bryce Blea  
32,2013,7,1,NA,24,Bryce Blea  
32,2013,8,1,NA,NA,Bryce Blea  
32,2013,9,0.76,NA,NA,Bryce Blea  
32,2013,10,1,NA,57,Bryce Blea  
32,2013,11,1,NA,58,Bryce Blea  
32,2013,12,1,NA,NA,Bryce Blea  
32,2014,1,1,NA,NA,Bryce Blea  
32,2014,2,1,NA,NA,Bryce Blea  
32,2014,3,1,80,NA,Bryce Blea  
32,2014,4,1,NA,NA,Bryce Blea  
32,2014,5,0.5,85,NA,Bryce Blea  
32,2014,6,1,133,NA,Bryce Blea  
32,2014,7,1,NA,NA,Bryce Blea  
32,2014,8,1,NA,47,Bryce Blea  
32,2014,9,1,NA,NA,Bryce Blea  
32,2014,10,1,NA,NA,Bryce Blea  
32,2014,11,1,NA,12,Bryce Blea  
32,2014,12,1,NA,NA,Bryce Blea  
32,2015,1,1,NA,NA,Bryce Blea  
32,2015,2,1,NA,NA,Bryce Blea  
32,2015,3,1,NA,NA,Bryce Blea  
32,2015,4,1,NA,NA,Bryce Blea  
32,2015,5,1,NA,NA,Bryce Blea  
32,2015,6,1,NA,NA,Bryce Blea  
32,2015,7,1,NA,NA,Bryce Blea  
32,2015,8,1,NA,48,Bryce Blea  
32,2015,9,1,NA,NA,Bryce Blea  
33,2012,5,1,NA,11,Bryon Beumer  
33,2012,6,1,NA,NA,Bryon Beumer  
33,2012,7,1,NA,NA,Bryon Beumer  
33,2012,8,1,NA,47,Bryon Beumer  
33,2012,9,1,NA,NA,Bryon Beumer  
33,2012,10,1,26,NA,Bryon Beumer  
33,2012,11,0.5,NA,NA,Bryon Beumer  
33,2012,12,1,NA,NA,Bryon Beumer  
33,2013,1,1,NA,NA,Bryon Beumer  
33,2013,2,1,NA,NA,Bryon Beumer  
33,2013,3,1,NA,NA,Bryon Beumer  
33,2013,4,1,NA,NA,Bryon Beumer  
33,2013,5,1,NA,NA,Bryon Beumer  
33,2013,6,1,NA,NA,Bryon Beumer  
33,2013,7,1,NA,NA,Bryon Beumer  
33,2013,8,1,NA,NA,Bryon Beumer  
33,2013,9,1,NA,NA,Bryon Beumer  
33,2013,10,1,NA,NA,Bryon Beumer  
33,2013,11,1,NA,NA,Bryon Beumer  
33,2013,12,1,NA,NA,Bryon Beumer  
33,2014,1,1,NA,NA,Bryon Beumer  
33,2014,2,1,NA,NA,Bryon Beumer  
33,2014,3,1,NA,NA,Bryon Beumer  
33,2014,4,1,NA,37,Bryon Beumer  
33,2014,5,1,NA,NA,Bryon Beumer  
34,2012,11,1,NA,NA,Bula Bromley  
34,2012,12,1,NA,NA,Bula Bromley  
34,2013,1,1,NA,NA,Bula Bromley  
34,2013,2,1,NA,NA,Bula Bromley  
34,2013,3,0.76,NA,NA,Bula Bromley  
34,2013,4,1,NA,NA,Bula Bromley  
34,2013,5,1,NA,NA,Bula Bromley  
34,2013,6,1,NA,NA,Bula Bromley  
34,2013,7,1,NA,NA,Bula Bromley  
34,2013,8,1,NA,NA,Bula Bromley  
34,2013,9,1,NA,NA,Bula Bromley  
34,2013,10,1,NA,NA,Bula Bromley  
34,2013,11,1,NA,NA,Bula Bromley  
34,2013,12,1,NA,18,Bula Bromley  
34,2014,1,1,NA,NA,Bula Bromley  
34,2014,2,0.5,NA,13,Bula Bromley  
34,2014,3,1,NA,11,Bula Bromley  
34,2014,4,1,NA,NA,Bula Bromley  
34,2014,5,1,NA,26,Bula Bromley  
34,2014,6,1,NA,NA,Bula Bromley  
34,2014,7,1,NA,NA,Bula Bromley  
34,2014,8,1,115,NA,Bula Bromley  
34,2014,9,1,NA,NA,Bula Bromley  
34,2014,10,1,NA,NA,Bula Bromley  
34,2014,11,1,NA,NA,Bula Bromley  
34,2014,12,1,NA,NA,Bula Bromley  
34,2015,1,1,NA,NA,Bula Bromley  
34,2015,2,0.76,NA,9,Bula Bromley  
34,2015,3,1,NA,NA,Bula Bromley  
34,2015,4,1,NA,38,Bula Bromley  
34,2015,5,1,NA,NA,Bula Bromley  
34,2015,6,0.5,NA,NA,Bula Bromley  
34,2015,7,1,NA,NA,Bula Bromley  
34,2015,8,1,NA,NA,Bula Bromley  
34,2015,9,0.5,NA,NA,Bula Bromley  
35,2012,12,1,NA,18,Candis Cusimano  
35,2013,1,1,NA,NA,Candis Cusimano  
35,2013,2,1,NA,NA,Candis Cusimano  
35,2013,3,1,NA,NA,Candis Cusimano  
35,2013,4,1,75,NA,Candis Cusimano  
35,2013,5,1,NA,NA,Candis Cusimano  
35,2013,6,1,NA,NA,Candis Cusimano  
35,2013,7,1,NA,26,Candis Cusimano  
35,2013,8,1,NA,NA,Candis Cusimano  
35,2013,9,1,NA,NA,Candis Cusimano  
35,2013,10,1,NA,38,Candis Cusimano  
35,2013,11,1,NA,NA,Candis Cusimano  
35,2013,12,1,NA,NA,Candis Cusimano  
35,2014,1,1,NA,NA,Candis Cusimano  
35,2014,2,1,NA,NA,Candis Cusimano  
35,2014,3,1,NA,NA,Candis Cusimano  
35,2014,4,1,NA,54,Candis Cusimano  
35,2014,5,1,NA,NA,Candis Cusimano  
35,2014,6,1,NA,NA,Candis Cusimano  
35,2014,7,1,NA,25,Candis Cusimano  
35,2014,8,1,NA,15,Candis Cusimano  
35,2014,9,1,NA,NA,Candis Cusimano  
36,2013,2,1,NA,NA,Carita Clem  
36,2013,3,1,NA,NA,Carita Clem  
36,2013,4,1,NA,NA,Carita Clem  
36,2013,5,1,NA,NA,Carita Clem  
36,2013,6,0.5,NA,NA,Carita Clem  
36,2013,7,1,NA,NA,Carita Clem  
36,2013,8,1,NA,NA,Carita Clem  
37,2013,2,1,NA,NA,Carl Coles  
37,2013,3,0.5,NA,12,Carl Coles  
37,2013,4,0.76,NA,NA,Carl Coles  
37,2013,5,1,NA,NA,Carl Coles  
37,2013,6,1,NA,33,Carl Coles  
37,2013,7,1,NA,NA,Carl Coles  
37,2013,8,1,NA,NA,Carl Coles  
37,2013,9,1,NA,NA,Carl Coles  
37,2013,10,1,NA,NA,Carl Coles  
37,2013,11,1,NA,NA,Carl Coles  
37,2013,12,1,NA,NA,Carl Coles  
37,2014,1,1,NA,NA,Carl Coles  
37,2014,2,0.5,NA,52,Carl Coles  
37,2014,3,1,NA,NA,Carl Coles  
37,2014,4,1,NA,NA,Carl Coles  
37,2014,5,1,NA,NA,Carl Coles  
37,2014,6,1,NA,57,Carl Coles  
37,2014,7,1,NA,NA,Carl Coles  
37,2014,8,1,159,NA,Carl Coles  
37,2014,9,1,NA,NA,Carl Coles  
37,2014,10,0.5,NA,NA,Carl Coles  
37,2014,11,1,NA,NA,Carl Coles  
37,2014,12,1,NA,49,Carl Coles  
37,2015,1,1,NA,59,Carl Coles  
37,2015,2,1,NA,53,Carl Coles  
37,2015,3,1,NA,NA,Carl Coles  
37,2015,4,1,NA,NA,Carl Coles  
37,2015,5,1,NA,NA,Carl Coles  
37,2015,6,1,NA,NA,Carl Coles  
37,2015,7,0.5,NA,NA,Carl Coles  
37,2015,8,1,NA,NA,Carl Coles  
37,2015,9,1,NA,NA,Carl Coles  
38,2013,2,1,NA,NA,Carleen Cripps  
38,2013,3,1,NA,NA,Carleen Cripps  
38,2013,4,1,NA,NA,Carleen Cripps  
38,2013,5,1,NA,48,Carleen Cripps  
38,2013,6,1,NA,4,Carleen Cripps  
38,2013,7,1,NA,NA,Carleen Cripps  
38,2013,8,1,NA,NA,Carleen Cripps  
38,2013,9,1,NA,NA,Carleen Cripps  
38,2013,10,1,NA,6,Carleen Cripps  
38,2013,11,1,NA,NA,Carleen Cripps  
38,2013,12,1,NA,22,Carleen Cripps  
38,2014,1,1,NA,NA,Carleen Cripps  
38,2014,2,0.5,NA,NA,Carleen Cripps  
38,2014,3,1,NA,54,Carleen Cripps  
38,2014,4,1,NA,25,Carleen Cripps  
38,2014,5,1,NA,NA,Carleen Cripps  
38,2014,6,1,NA,NA,Carleen Cripps  
38,2014,7,1,NA,41,Carleen Cripps  
38,2014,8,1,NA,NA,Carleen Cripps  
38,2014,9,1,NA,NA,Carleen Cripps  
38,2014,10,1,31,26,Carleen Cripps  
38,2014,11,0.5,NA,NA,Carleen Cripps  
38,2014,12,1,NA,59,Carleen Cripps  
38,2015,1,1,NA,NA,Carleen Cripps  
38,2015,2,1,NA,NA,Carleen Cripps  
38,2015,3,1,NA,NA,Carleen Cripps  
38,2015,4,1,NA,NA,Carleen Cripps  
38,2015,5,1,NA,NA,Carleen Cripps  
38,2015,6,1,NA,NA,Carleen Cripps  
38,2015,7,1,NA,NA,Carleen Cripps  
38,2015,8,1,NA,NA,Carleen Cripps  
38,2015,9,1,NA,NA,Carleen Cripps  
39,2013,12,1,NA,NA,Carol Chenard  
39,2014,1,1,NA,NA,Carol Chenard  
39,2014,2,1,NA,36,Carol Chenard  
39,2014,3,1,NA,NA,Carol Chenard  
39,2014,4,1,NA,NA,Carol Chenard  
39,2014,5,1,NA,58,Carol Chenard  
39,2014,6,1,NA,NA,Carol Chenard  
40,2014,7,1,NA,NA,Carolin Carrington  
40,2014,8,0.5,NA,NA,Carolin Carrington  
40,2014,9,1,NA,NA,Carolin Carrington  
40,2014,10,1,NA,NA,Carolin Carrington  
40,2014,11,1,NA,NA,Carolin Carrington  
40,2014,12,1,NA,NA,Carolin Carrington  
40,2015,1,1,NA,NA,Carolin Carrington  
40,2015,2,1,NA,NA,Carolin Carrington  
40,2015,3,1,NA,NA,Carolin Carrington  
40,2015,4,1,NA,56,Carolin Carrington  
40,2015,5,1,NA,NA,Carolin Carrington  
40,2015,6,0.5,NA,NA,Carolin Carrington  
40,2015,7,1,NA,59,Carolin Carrington  
40,2015,8,1,NA,NA,Carolin Carrington  
40,2015,9,1,NA,NA,Carolin Carrington  
41,2014,8,1,NA,NA,Casie Covin  
41,2014,9,1,NA,NA,Casie Covin  
41,2014,10,1,NA,NA,Casie Covin  
41,2014,11,1,NA,32,Casie Covin  
41,2014,12,1,NA,NA,Casie Covin  
41,2015,1,1,NA,NA,Casie Covin  
41,2015,2,1,NA,NA,Casie Covin  
41,2015,3,1,NA,NA,Casie Covin  
42,2014,8,1,NA,57,Cassondra Canas  
42,2014,9,1,NA,30,Cassondra Canas  
42,2014,10,1,NA,NA,Cassondra Canas  
42,2014,11,1,NA,48,Cassondra Canas  
42,2014,12,1,NA,42,Cassondra Canas  
42,2015,1,0.5,NA,NA,Cassondra Canas  
42,2015,2,1,NA,NA,Cassondra Canas  
42,2015,3,0.5,NA,NA,Cassondra Canas  
42,2015,4,1,NA,NA,Cassondra Canas  
42,2015,5,1,87,NA,Cassondra Canas  
42,2015,6,1,NA,NA,Cassondra Canas  
42,2015,7,1,NA,NA,Cassondra Canas  
42,2015,8,1,NA,NA,Cassondra Canas  
42,2015,9,1,NA,NA,Cassondra Canas  
43,2015,2,1,NA,NA,Catherina Colvin  
43,2015,3,1,NA,45,Catherina Colvin  
43,2015,4,1,NA,NA,Catherina Colvin  
43,2015,5,1,NA,36,Catherina Colvin  
43,2015,6,1,NA,NA,Catherina Colvin  
43,2015,7,1,NA,NA,Catherina Colvin  
43,2015,8,1,NA,NA,Catherina Colvin  
43,2015,9,1,NA,NA,Catherina Colvin  
44,2015,9,1,NA,NA,Charisse Curlee  
45,2015,9,1,NA,NA,Charolette Cothern  
